Store_ID,Revenue,Units_Sold,Store_Rating,Stock_On_Hand,Cluster
STR_101,5169675266.877,226670,4.250182542316628,274.8364863369842,2
STR_102,5186276605.84,228384,4.250981033355134,277.1071506431219,2
STR_103,5223064263.804,229475,4.250714052109452,275.5898833533195,2
STR_104,5165937477.7155,228580,4.250500762029175,273.5731548007838,2
STR_105,5161898681.873,227715,4.245418197536201,273.82580505727253,0
STR_106,5040776297.4475,223084,4.2494674950077655,273.19968937208785,1
STR_107,5107832301.6925,229403,4.2481720665499125,275.8400831873905,0
STR_108,5078321969.4995,223994,4.249977836879433,272.990469858156,1
